<?xml version="1.0" encoding="UTF-8"?>
<!DOCTYPE mapper PUBLIC "-//mybatis.org//DTD Mapper 3.0//EN" "http://mybatis.org/dtd/mybatis-3-mapper.dtd">
<mapper namespace="com.example.mapper.VirtualMoneyRuleMapper">
  <resultMap id="BaseResultMap" type="com.example.domain.VirtualMoneyRule">
    <!--@mbg.generated-->
    <!--@Table virtual_money_rule-->
    <id column="id" property="id" />
    <result column="rule_name" property="ruleName" />
    <result column="platform_id" property="platformId" />
    <result column="source_type" property="sourceType" />
    <result column="virtual_type" property="virtualType" />
    <result column="grant_ratio" property="grantRatio" />
    <result column="exchange_ratio" property="exchangeRatio" />
    <result column="effect_start_time" property="effectStartTime" />
    <result column="effect_end_time" property="effectEndTime" />
    <result column="enable" property="enable" />
    <result column="create_time" property="createTime" />
    <result column="update_time" property="updateTime" />
  </resultMap>
  <sql id="Base_Column_List">
    <!--@mbg.generated-->
    id, rule_name, platform_id, source_type, virtual_type, grant_ratio, exchange_ratio, 
    effect_start_time, effect_end_time, `enable`, create_time, update_time
  </sql>
</mapper>